{1:"food",
2:"food",
3:"wait",
4:"wait",
5:"wait",
6:"wait",
7:"hello",
8:"help",
9:"thankyou",
10:"help",
11:"hello",
12:"no",
13:"sorry",
14:"no",
15:"sorry",
16:"no",
17:"please",
18:"please",
19:"thankyou",
20:"help",
21:"home",
22:"no",
23:"sorry",
24:"sorry",
25:"no",
26:"yes",
27:"wait",
28:"wait",
29:"hello",
30:"thankyou",
31:"hello",
32:"wait",
33:"home",
34:"home",
35:"yes",
36:"yes",
37:"sorry",
38:"sorry",
39:"yes",
40:"wait",
41:"help",
42:"help",
43:"hello",
44:"please",
45:"food",
46:"food",
47:"no",
48:"yes",
49:"yes",
50:"thankyou",
51:"help",
52:"help",
53:"please",
54:"sorry",
55:"yes",
56:"sorry",
57:"food",
58:"sorry",
59:"wait",
60:"wait",
61:"hello",
62:"thankyou",
63:"thankyou",
64:"wait",
65:"home",
66:"home",
67:"sorry",
68:"food",
69:"food",
70:"please",
71:"please",
72:"hello",
73:"thankyou",
74:"help",
75:"wait",
76:"please",
77:"home",
78:"no",
79:"food",
80:"sorry",
81:"no",
82:"sorry",
83:"wait",
84:"hello",
85:"help",
86:"wait",
87:"food",
88:"food",
89:"yes",
90:"no",
91:"sorry",
92:"no",
93:"no",
94:"no",
95:"please",
96:"home",
97:"wait",
98:"hello",
99:"hello",
100:"help",
101:"hello",
102:"help",
103:"help",
104:"hello",
105:"thankyou",
106:"home",
107:"home",
108:"yes",
109:"food",
110:"no",
111:"no",
112:"yes",
113:"no",
114:"food",
115:"no",
116:"please",
117:"wait",
118:"hello",
119:"thankyou",
120:"hello",
121:"thankyou",
122:"thankyou",
123:"please",
124:"hello",
125:"food",
126:"sorry",
127:"no",
128:"hello",
129:"please",
130:"home",
131:"home",
132:"help",
133:"hello",
134:"help",
135:"help",
136:"hello",
137:"help",
138:"hello",
139:"thankyou",
140:"home",
141:"food",
142:"no",
143:"food",
144:"sorry",
145:"home",
146:"yes",
147:"sorry",
148:"home",
149:"thankyou",
150:"thankyou",
151:"thankyou",
152:"hello",
153:"please",
154:"please",
155:"home",
156:"home",
157:"food",
158:"wait",
159:"hello",
160:"thankyou",
161:"yes",
162:"food",
163:"sorry",
164:"food",
165:"no",
166:"sorry",
167:"no",
168:"home",
169:"thankyou",
170:"help",
171:"please",
172:"yes",
173:"no",
174:"no",
175:"home",
176:"please",
177:"wait",
178:"help",
179:"please",
180:"help",
181:"thankyou",
182:"please",
183:"yes",
184:"sorry",
185:"no",
186:"yes",
187:"yes",
188:"home",
189:"please",
190:"please",
191:"wait",
192:"wait",
193:"thankyou",
194:"help",
195:"please",
196:"please",
197:"food",
198:"sorry",
199:"no",
}